Workbook

Sheet Feature Summary
A1: Walrus Feature-Based Project Checklist
A2: Checklist reorganized by App and Web/Admin features while preserving milestone, budget, and source traceability.
A4: Total Checklist Items | D4: Completed Items | G4: Overall Progress | J4: Total Budget
A5: =COUNTA('App Checklist'!$A$6:$A$500)+COUNTA('Web Backend Checklist'!$A$6:$A$500) | D5: =COUNTIF('App Checklist'!$J$6:$J$500,"Hoàn thành")+COUNTIF('Web Backend Checklist'!$J$6:$J$500,"Hoàn thành") | G5: =IFERROR(D5/A5,0) | J5: 700
A8: Area Summary | G8: Milestone Summary
A9: Area | B9: Items | C9: Done | D9: Progress | E9: Primary Sheet | G9: Milestone | H9: Budget | I9: Items | J9: Done | K9: Progress | L9: Theme
A10: Mobile App | B10: =COUNTA('App Checklist'!$A$6:$A$500) | C10: =COUNTIF('App Checklist'!$J$6:$J$500,"Hoàn thành") | D10: =IFERROR(C10/B10,0) | E10: App Checklist | G10: M1 | H10: 250 | I10: =COUNTIF('App Checklist'!$D$6:$D$500,G10)+COUNTIF('Web Backend Checklist'!$D$6:$D$500,G10) | J10: =COUNTIFS('App Checklist'!$D$6:$D$500,G10,'App Checklist'!$J$6:$J$500,"Hoàn thành")+COUNTIFS('Web Backend Checklist'!$D$6:$D$500,G10,'Web Backend Checklist'!$J$6:$J$500,"Hoàn thành") | K10: =IFERROR(J10/I10,0) | L10: Nền tảng và Kết nối lõi
A11: Web/Admin + Backend | B11: =COUNTA('Web Backend Checklist'!$A$6:$A$500) | C11: =COUNTIF('Web Backend Checklist'!$J$6:$J$500,"Hoàn thành") | D11: =IFERROR(C11/B11,0) | E11: Web Backend Checklist | G11: M2 | H11: 280 | I11: =COUNTIF('App Checklist'!$D$6:$D$500,G11)+COUNTIF('Web Backend Checklist'!$D$6:$D$500,G11) | J11: =COUNTIFS('App Checklist'!$D$6:$D$500,G11,'App Checklist'!$J$6:$J$500,"Hoàn thành")+COUNTIFS('Web Backend Checklist'!$D$6:$D$500,G11,'Web Backend Checklist'!$J$6:$J$500,"Hoàn thành") | K11: =IFERROR(J11/I11,0) | L11: Hoàn thiện UI và Hệ thống quản trị
G12: M3 | H12: 170 | I12: =COUNTIF('App Checklist'!$D$6:$D$500,G12)+COUNTIF('Web Backend Checklist'!$D$6:$D$500,G12) | J12: =COUNTIFS('App Checklist'!$D$6:$D$500,G12,'App Checklist'!$J$6:$J$500,"Hoàn thành")+COUNTIFS('Web Backend Checklist'!$D$6:$D$500,G12,'Web Backend Checklist'!$J$6:$J$500,"Hoàn thành") | K12: =IFERROR(J12/I12,0) | L12: Tính năng nâng cao và Bàn giao
A15: Feature Checklist Summary | H15: How to Use
A16: Area | B16: Feature | C16: Primary Milestone | D16: Items | E16: Done | F16: Progress | H16: 1. Work primarily in App Checklist and Web Backend Checklist.
A17: Mobile App | B17: Auth & Account | C17: M1 | D17: =COUNTIFS('App Checklist'!$C$6:$C$500,$B17)+COUNTIFS('Web Backend Checklist'!$C$6:$C$500,$B17) | E17: =COUNTIFS('App Checklist'!$C$6:$C$500,$B17,'App Checklist'!$J$6:$J$500,"Hoàn thành")+COUNTIFS('Web Backend Checklist'!$C$6:$C$500,$B17,'Web Backend Checklist'!$J$6:$J$500,"Hoàn thành") | F17: =IFERROR(E17/D17,0) | H17: 2. Use Status, Owner, Due Date, and Notes to manage delivery.
A18: Mobile App | B18: Auth & Account | C18: M2 | D18: =COUNTIFS('App Checklist'!$C$6:$C$500,$B18)+COUNTIFS('Web Backend Checklist'!$C$6:$C$500,$B18) | E18: =COUNTIFS('App Checklist'!$C$6:$C$500,$B18,'App Checklist'!$J$6:$J$500,"Hoàn thành")+COUNTIFS('Web Backend Checklist'!$C$6:$C$500,$B18,'Web Backend Checklist'!$J$6:$J$500,"Hoàn thành") | F18: =IFERROR(E18/D18,0) | H18: 3. Filter by Feature or Milestone depending on product or payment review.
A19: Mobile App | B19: Tuya Home Setup | C19: M1 | D19: =COUNTIFS('App Checklist'!$C$6:$C$500,$B19)+COUNTIFS('Web Backend Checklist'!$C$6:$C$500,$B19) | E19: =COUNTIFS('App Checklist'!$C$6:$C$500,$B19,'App Checklist'!$J$6:$J$500,"Hoàn thành")+COUNTIFS('Web Backend Checklist'!$C$6:$C$500,$B19,'Web Backend Checklist'!$J$6:$J$500,"Hoàn thành") | F19: =IFERROR(E19/D19,0) | H19: 4. Milestone Map keeps the original source contract structure intact.
A20: Mobile App | B20: Device Pairing | C20: M1 | D20: =COUNTIFS('App Checklist'!$C$6:$C$500,$B20)+COUNTIFS('Web Backend Checklist'!$C$6:$C$500,$B20) | E20: =COUNTIFS('App Checklist'!$C$6:$C$500,$B20,'App Checklist'!$J$6:$J$500,"Hoàn thành")+COUNTIFS('Web Backend Checklist'!$C$6:$C$500,$B20,'Web Backend Checklist'!$J$6:$J$500,"Hoàn thành") | F20: =IFERROR(E20/D20,0)
A21: Mobile App | B21: Core Device Control | C21: M1 | D21: =COUNTIFS('App Checklist'!$C$6:$C$500,$B21)+COUNTIFS('Web Backend Checklist'!$C$6:$C$500,$B21) | E21: =COUNTIFS('App Checklist'!$C$6:$C$500,$B21,'App Checklist'!$J$6:$J$500,"Hoàn thành")+COUNTIFS('Web Backend Checklist'!$C$6:$C$500,$B21,'Web Backend Checklist'!$J$6:$J$500,"Hoàn thành") | F21: =IFERROR(E21/D21,0)
A22: Mobile App | B22: Smart Controls | C22: M2 | D22: =COUNTIFS('App Checklist'!$C$6:$C$500,$B22)+COUNTIFS('Web Backend Checklist'!$C$6:$C$500,$B22) | E22: =COUNTIFS('App Checklist'!$C$6:$C$500,$B22,'App Checklist'!$J$6:$J$500,"Hoàn thành")+COUNTIFS('Web Backend Checklist'!$C$6:$C$500,$B22,'Web Backend Checklist'!$J$6:$J$500,"Hoàn thành") | F22: =IFERROR(E22/D22,0)
A23: Mobile App | B23: Mobile UI/UX | C23: M2 | D23: =COUNTIFS('App Checklist'!$C$6:$C$500,$B23)+COUNTIFS('Web Backend Checklist'!$C$6:$C$500,$B23) | E23: =COUNTIFS('App Checklist'!$C$6:$C$500,$B23,'App Checklist'!$J$6:$J$500,"Hoàn thành")+COUNTIFS('Web Backend Checklist'!$C$6:$C$500,$B23,'Web Backend Checklist'!$J$6:$J$500,"Hoàn thành") | F23: =IFERROR(E23/D23,0)
A24: Mobile App | B24: Home Management | C24: M2 | D24: =COUNTIFS('App Checklist'!$C$6:$C$500,$B24)+COUNTIFS('Web Backend Checklist'!$C$6:$C$500,$B24) | E24: =COUNTIFS('App Checklist'!$C$6:$C$500,$B24,'App Checklist'!$J$6:$J$500,"Hoàn thành")+COUNTIFS('Web Backend Checklist'!$C$6:$C$500,$B24,'Web Backend Checklist'!$J$6:$J$500,"Hoàn thành") | F24: =IFERROR(E24/D24,0)
A25: Mobile App | B25: Into the Cold | C25: M3 | D25: =COUNTIFS('App Checklist'!$C$6:$C$500,$B25)+COUNTIFS('Web Backend Checklist'!$C$6:$C$500,$B25) | E25: =COUNTIFS('App Checklist'!$C$6:$C$500,$B25,'App Checklist'!$J$6:$J$500,"Hoàn thành")+COUNTIFS('Web Backend Checklist'!$C$6:$C$500,$B25,'Web Backend Checklist'!$J$6:$J$500,"Hoàn thành") | F25: =IFERROR(E25/D25,0)
A26: Mobile App | B26: Filter Reminder | C26: M3 | D26: =COUNTIFS('App Checklist'!$C$6:$C$500,$B26)+COUNTIFS('Web Backend Checklist'!$C$6:$C$500,$B26) | E26: =COUNTIFS('App Checklist'!$C$6:$C$500,$B26,'App Checklist'!$J$6:$J$500,"Hoàn thành")+COUNTIFS('Web Backend Checklist'!$C$6:$C$500,$B26,'Web Backend Checklist'!$J$6:$J$500,"Hoàn thành") | F26: =IFERROR(E26/D26,0)
A27: Mobile App | B27: Push Notifications | C27: M3 | D27: =COUNTIFS('App Checklist'!$C$6:$C$500,$B27)+COUNTIFS('Web Backend Checklist'!$C$6:$C$500,$B27) | E27: =COUNTIFS('App Checklist'!$C$6:$C$500,$B27,'App Checklist'!$J$6:$J$500,"Hoàn thành")+COUNTIFS('Web Backend Checklist'!$C$6:$C$500,$B27,'Web Backend Checklist'!$J$6:$J$500,"Hoàn thành") | F27: =IFERROR(E27/D27,0)
A28: Mobile App | B28: QA & Release | C28: M3 | D28: =COUNTIFS('App Checklist'!$C$6:$C$500,$B28)+COUNTIFS('Web Backend Checklist'!$C$6:$C$500,$B28) | E28: =COUNTIFS('App Checklist'!$C$6:$C$500,$B28,'App Checklist'!$J$6:$J$500,"Hoàn thành")+COUNTIFS('Web Backend Checklist'!$C$6:$C$500,$B28,'Web Backend Checklist'!$J$6:$J$500,"Hoàn thành") | F28: =IFERROR(E28/D28,0)
A29: Web/Admin + Backend | B29: Backend Foundation | C29: M2 | D29: =COUNTIFS('App Checklist'!$C$6:$C$500,$B29)+COUNTIFS('Web Backend Checklist'!$C$6:$C$500,$B29) | E29: =COUNTIFS('App Checklist'!$C$6:$C$500,$B29,'App Checklist'!$J$6:$J$500,"Hoàn thành")+COUNTIFS('Web Backend Checklist'!$C$6:$C$500,$B29,'Web Backend Checklist'!$J$6:$J$500,"Hoàn thành") | F29: =IFERROR(E29/D29,0)
A30: Web/Admin + Backend | B30: Device Mapping | C30: M2 | D30: =COUNTIFS('App Checklist'!$C$6:$C$500,$B30)+COUNTIFS('Web Backend Checklist'!$C$6:$C$500,$B30) | E30: =COUNTIFS('App Checklist'!$C$6:$C$500,$B30,'App Checklist'!$J$6:$J$500,"Hoàn thành")+COUNTIFS('Web Backend Checklist'!$C$6:$C$500,$B30,'Web Backend Checklist'!$J$6:$J$500,"Hoàn thành") | F30: =IFERROR(E30/D30,0)
A31: Web/Admin + Backend | B31: Backend APIs | C31: M2 | D31: =COUNTIFS('App Checklist'!$C$6:$C$500,$B31)+COUNTIFS('Web Backend Checklist'!$C$6:$C$500,$B31) | E31: =COUNTIFS('App Checklist'!$C$6:$C$500,$B31,'App Checklist'!$J$6:$J$500,"Hoàn thành")+COUNTIFS('Web Backend Checklist'!$C$6:$C$500,$B31,'Web Backend Checklist'!$J$6:$J$500,"Hoàn thành") | F31: =IFERROR(E31/D31,0)
... A37: Web/Admin + Backend | B37: Tuya Operational Setup | C37: M1 | D37: =COUNTIFS('App Checklist'!$C$6:$C$500,$B37)+COUNTIFS('Web Backend Checklist'!$C$6:$C$500,$B37) | E37: =COUNTIFS('App Checklist'!$C$6:$C$500,$B37,'App Checklist'!$J$6:$J$500,"Hoàn thành")+COUNTIFS('Web Backend Checklist'!$C$6:$C$500,$B37,'Web Backend Checklist'!$J$6:$J$500,"Hoàn thành") | F37: =IFERROR(E37/D37,0)

Sheet App Checklist
A1: App Feature Checklist
A2: Feature-first checklist for all mobile app scope. Milestones are kept for delivery/payment tracking.
A4: Use filters/dropdowns to track work by feature, milestone, owner, and status.
A5: ID | B5: Area | C5: Feature | D5: Milestone | E5: Budget USD | F5: Workstream | G5: Checklist Item | H5: Acceptance / Deliverable | I5: Priority | J5: Status | K5: Owner | L5: Due Date | M5: Dependencies | N5: Notes | O5: Source
A6: APP-001 | B6: Mobile App | C6: Auth & Account | D6: M1 | E6: $250 | F6: Authentication | G6: Email login flow | H6: User can sign in with email and reach the app/home setup flow. | I6: Cao | J6: Chưa bắt đầu | M6: Supabase/Tuya auth configuration | O6: Overview #4; Milestone 1
A7: APP-002 | B7: Mobile App | C7: Auth & Account | D7: M1 | E7: $250 | F7: Authentication | G7: Google Sign-In | H7: Google login is wired into the app and creates/loads the same user profile. | I7: Trung bình | J7: Chưa bắt đầu | M7: OAuth configuration | O7: Overview #4
A8: APP-003 | B8: Mobile App | C8: Auth & Account | D8: M1 | E8: $250 | F8: Authentication | G8: Apple Sign-In | H8: Apple login works on iOS and maps to the same account/profile model. | I8: Trung bình | J8: Chưa bắt đầu | M8: Apple developer configuration | O8: Overview #4
A9: APP-004 | B9: Mobile App | C9: Auth & Account | D9: M2 | E9: $280 | F9: Profile | G9: Account profile screen | H9: User can view personal account information from the mobile app. | I9: Cao | J9: Chưa bắt đầu | M9: Backend user profile table | O9: Milestone 2
A10: APP-005 | B10: Mobile App | C10: Auth & Account | D10: M2 | E10: $280 | F10: Profile | G10: Editable profile fields | H10: Supported user profile fields can be updated and synced to backend/auth provider. | I10: Cao | J10: Chưa bắt đầu | M10: Backend profile update API | O10: Milestone 2
A11: APP-006 | B11: Mobile App | C11: Tuya Home Setup | D11: M1 | E11: $250 | F11: Tuya SDK | G11: Home setup flow | H11: User can create/select Tuya Home before device pairing. | I11: Cao | J11: Chưa bắt đầu | M11: Tuya SDK initialized | O11: Milestone 1
A12: APP-007 | B12: Mobile App | C12: Tuya Home Setup | D12: M1 | E12: $250 | F12: Tuya SDK | G12: Owner permission validation | H12: App surfaces clear error if the guest Tuya account is not Owner of the Home. | I12: Cao | J12: Chưa bắt đầu | M12: Tuya account access | O12: Technical notes
A13: APP-008 | B13: Mobile App | C13: Tuya Home Setup | D13: M1 | E13: $250 | F13: Tuya SDK | G13: Data center compatibility guard | H13: App configuration matches Tuya Cloud Project data center to prevent missing devices. | I13: Cao | J13: Chưa bắt đầu | M13: Tuya Cloud Project region | O13: Technical notes
A14: APP-009 | B14: Mobile App | C14: Device Pairing | D14: M1 | E14: $250 | F14: Pairing | G14: WiFi pairing flow | H14: User can enter/select WiFi network, enter password, and start pairing in-app. | I14: Cao | J14: Chưa bắt đầu | M14: Location/WiFi permissions where applicable | O14: Overview #4; Milestone 1
A15: APP-010 | B15: Mobile App | C15: Device Pairing | D15: M1 | E15: $250 | F15: Pairing | G15: AP mode pairing flow | H15: User can pair devices that require AP mode and receives clear mode instructions. | I15: Cao | J15: Chưa bắt đầu | M15: Tuya SDK AP pairing support | O15: Milestone 1
A16: APP-011 | B16: Mobile App | C16: Device Pairing | D16: M1 | E16: $250 | F16: Pairing | G16: Bluetooth discovery/pairing | H16: App can discover and connect supported Bluetooth devices through Tuya SDK. | I16: Cao | J16: Chưa bắt đầu | M16: Bluetooth permission/configuration | O16: Overview #3-4; Milestone 1
A17: APP-012 | B17: Mobile App | C17: Device Pairing | D17: M1 | E17: $250 | F17: Pairing UX | G17: Pairing progress screen | H17: Pairing enters a dedicated searching/progress screen with timeout and cancel behavior. | I17: Cao | J17: Chưa bắt đầu | M17: Pairing start event | O17: Milestone 1 deliverable
... A37: APP-032 | B37: Mobile App | C37: QA & Release | D37: M3 | E37: $170 | F37: Delivery | G37: Mobile release build | H37: Final app build is prepared for handoff/deployment. | I37: Cao | J37: Chưa bắt đầu | M37: Testing complete | O37: Milestone 3

Sheet Web Backend Checklist
A1: Web/Admin + Backend Feature Checklist
A2: Feature-first checklist for admin web, backend, notification infrastructure, and operational handoff.
A4: Use filters/dropdowns to track work by feature, milestone, owner, and status.
A5: ID | B5: Area | C5: Feature | D5: Milestone | E5: Budget USD | F5: Workstream | G5: Checklist Item | H5: Acceptance / Deliverable | I5: Priority | J5: Status | K5: Owner | L5: Due Date | M5: Dependencies | N5: Notes | O5: Source
A6: WEB-001 | B6: Web/Admin + Backend | C6: Backend Foundation | D6: M2 | E6: $280 | F6: Supabase | G6: Supabase project and schema | H6: Backend stores user profiles and core app records in Supabase. | I6: Cao | J6: Chưa bắt đầu | M6: Project credentials | O6: Overview #3; Milestone 2
A7: WEB-002 | B7: Web/Admin + Backend | C7: Backend Foundation | D7: M2 | E7: $280 | F7: User Profile | G7: User profile persistence | H7: Profile data created/updated from auth and app flows is persisted consistently. | I7: Cao | J7: Chưa bắt đầu | M7: Auth integration | O7: Milestone 2
A8: WEB-003 | B8: Web/Admin + Backend | C8: Device Mapping | D8: M2 | E8: $280 | F8: Data Model | G8: Device mapping storage | H8: Backend stores mapping between app user, Tuya Home, and linked devices. | I8: Cao | J8: Chưa bắt đầu | M8: Successful Tuya pairing | O8: Milestone 2
A9: WEB-004 | B9: Web/Admin + Backend | C9: Device Mapping | D9: M2 | E9: $280 | F9: Sync | G9: Device mapping sync API | H9: App can read/write device mapping through stable backend/Vercel APIs. | I9: Cao | J9: Chưa bắt đầu | M9: Vercel API setup | O9: Milestone 2
A10: WEB-005 | B10: Web/Admin + Backend | C10: Backend APIs | D10: M2 | E10: $280 | F10: Vercel | G10: Vercel API deployment | H10: Backend APIs are deployed on Vercel and reachable by the mobile app. | I10: Cao | J10: Chưa bắt đầu | M10: Environment variables | O10: Overview #3; Milestone 2
A11: WEB-006 | B11: Web/Admin + Backend | C11: Backend APIs | D11: M2 | E11: $280 | F11: Sync | G11: Stable app/backend data sync | H11: User profile, device mapping, and usage data sync without data loss in normal flows. | I11: Cao | J11: Chưa bắt đầu | M11: Supabase schema complete | O11: Milestone 2 deliverable
A12: WEB-007 | B12: Web/Admin + Backend | C12: Admin Panel | D12: M2 | E12: $280 | F12: Admin UI | G12: Admin access control | H12: Admin panel is protected so only authorized admins can access operational data. | I12: Cao | J12: Chưa bắt đầu | M12: Admin identity/role model | O12: Overview #4; Milestone 2
A13: WEB-008 | B13: Web/Admin + Backend | C13: Admin Panel | D13: M2 | E13: $280 | F13: Admin UI | G13: User list view | H13: Admin can view the user list with relevant account/profile fields. | I13: Cao | J13: Chưa bắt đầu | M13: User profile table | O13: Milestone 2
A14: WEB-009 | B14: Web/Admin + Backend | C14: Admin Panel | D14: M2 | E14: $280 | F14: Admin UI | G14: Linked device view | H14: Admin can view linked devices per user/home. | I14: Cao | J14: Chưa bắt đầu | M14: Device mapping table | O14: Overview #4; Milestone 2
A15: WEB-010 | B15: Web/Admin + Backend | C15: Admin Panel | D15: M2 | E15: $280 | F15: Admin UI | G15: Device status monitoring | H15: Admin can monitor device online/status information where available. | I15: Trung bình | J15: Chưa bắt đầu | M15: Tuya status data availability | O15: Milestone 2
A16: WEB-011 | B16: Web/Admin + Backend | C16: Admin Panel | D16: M2 | E16: $280 | F16: Admin UI | G16: Usage data view | H16: Admin can view basic usage data required for operations. | I16: Trung bình | J16: Chưa bắt đầu | M16: Usage events stored | O16: Overview #4; Milestone 2
A17: WEB-012 | B17: Web/Admin + Backend | C17: Home Management Backend | D17: M2 | E17: $280 | F17: Data Model | G17: Rooms and device permissions persistence | H17: Room assignment and permission-related records are stored and retrievable. | I17: Trung bình | J17: Chưa bắt đầu | M17: Home management UI/API | O17: Milestone 2
... A25: WEB-020 | B25: Web/Admin + Backend | C25: Tuya Operational Setup | D25: M1 | E25: $250 | F25: Tuya Home | G25: Guest account owner check | H25: Provided guest account is Owner of Tuya Home before SDK linking. | I25: Cao | J25: Chưa bắt đầu | M25: Tuya Home access | O25: Technical notes

Sheet Milestone Map
A1: Original Milestone Map
A2: Original milestone/budget structure from the source document, kept for acceptance and payment review.
A5: Milestone | B5: Budget USD | C5: Original Theme | D5: Source Scope | E5: Source Deliverable | F5: App Feature Link | G5: Web/Backend Feature Link | H5: Technical Notes
A6: M1 | B6: 250 | C6: Nền tảng và Kết nối lõi (Foundation & Core Control) | D6: React Native CLI + Tuya SDK; login/home setup; in-app pairing WiFi/Bluetooth; basic temperature dashboard/control. | E6: Build app can pair with real device and perform basic temperature commands. | F6: Auth & Account; Tuya Home Setup; Device Pairing; Core Device Control | G6: Tuya Operational Setup | H6: Tuya account and Cloud Project must use same Data Center; guest account must be Tuya Home Owner.
A7: M2 | B7: 280 | C7: Hoàn thiện UI và Hệ thống quản trị (UI Completion & Backend) | D7: Complete mobile UI; Supabase/Vercel backend; user profile; device mapping; home management; admin panel. | E7: Complete UI, stable backend sync, and admin page for operational management. | F7: Mobile UI/UX; Smart Controls; Home Management; Account Profile | G7: Backend Foundation; Device Mapping; Backend APIs; Admin Panel; Home Management Backend | H7: Backend on Supabase/Vercel with stable data sync.
A8: M3 | B8: 170 | C8: Tính năng nâng cao và Bàn giao (Advanced Features & Delivery) | D8: Into the Cold; push notifications; filter reminders; testing; performance; deployment and source handoff. | E8: App is complete for end users with handoff documentation. | F8: Into the Cold; Push Notifications; Filter Reminder; QA & Release | G8: Notifications Backend; Filter Reminder Backend; Operational Delivery | H8: FCM notifications; testing, performance, deployment, and source handoff.

Sheet Source Notes
A1: Source Notes & Assumptions
A2: Traceability for the checklist rows and how feature grouping was interpreted.
A5: Source | B5: Path | C5: Used For | D5: Key Extracted Scope | E5: Assumption / Interpretation | F5: Review Note
A6: Project Overview | B6: docs/TÀI-LIỆU-1-TỔNG-QUAN-DỰ-ÁN-(PROJECT-OVERVIEW).txt | C6: Feature taxonomy | D6: Mobile app, Tuya SDK, Supabase/Vercel, FCM, pairing, smart control, account, Into the Cold, filter reminder, home management, admin panel. | E6: Rows were grouped by product feature area first, not payment milestone. | F6: Keep as baseline product scope.
A7: Milestone Document | B7: docs/TÀI-LIỆU-2-CHI-TIẾT-CÁC-CỘT-MỐC-(MILESTONE-DOCUMENT).txt | C7: Milestone/budget/acceptance mapping | D7: M1 $250, M2 $280, M3 $170 with deliverables and technical Tuya notes. | E7: Milestone and budget columns remain as metadata for acceptance/payment review. | F7: Use Milestone Map for contract-level review.
A8: Feature grouping | B8: Derived from both docs | C8: Workbook structure | D8: App features are separated from Web/Admin + Backend features. | E8: Backend items are grouped with Web/Admin because the admin panel and operational APIs are delivered as the web/backend layer. | F8: Adjust Area labels if the team wants a separate Backend sheet.
